-- V12: Seed Test Data with realistic task tracking records
-- Adds ~10 users, ~3 projects, ~15 tasks, subtasks, and comments

-- 1. Insert 10 Users
INSERT INTO users (id, email, password, full_name, role, is_active) VALUES
('10000000-0000-0000-0000-000000000001', 'admin@taskflow.com', '$2a$12$LPDtM5XmByE22w9Z0X.G4OpZ2a.T3qZ3mD/.9r2C6fN8Q6D1T0W06', 'System Admin', 'ADMIN', true),
('10000000-0000-0000-0000-000000000002', 'manager1@taskflow.com', '$2a$12$LPDtM5XmByE22w9Z0X.G4OpZ2a.T3qZ3mD/.9r2C6fN8Q6D1T0W06', 'Sarah Connor', 'MANAGER', true),
('10000000-0000-0000-0000-000000000003', 'manager2@taskflow.com', '$2a$12$LPDtM5XmByE22w9Z0X.G4OpZ2a.T3qZ3mD/.9r2C6fN8Q6D1T0W06', 'Bruce Wayne', 'MANAGER', true),
('10000000-0000-0000-0000-000000000004', 'worker1@taskflow.com', '$2a$12$LPDtM5XmByE22w9Z0X.G4OpZ2a.T3qZ3mD/.9r2C6fN8Q6D1T0W06', 'John Doe', 'MEMBER', true),
('10000000-0000-0000-0000-000000000005', 'worker2@taskflow.com', '$2a$12$LPDtM5XmByE22w9Z0X.G4OpZ2a.T3qZ3mD/.9r2C6fN8Q6D1T0W06', 'Jane Smith', 'MEMBER', true),
('10000000-0000-0000-0000-000000000006', 'worker3@taskflow.com', '$2a$12$LPDtM5XmByE22w9Z0X.G4OpZ2a.T3qZ3mD/.9r2C6fN8Q6D1T0W06', 'Alice Wonder', 'MEMBER', true),
('10000000-0000-0000-0000-000000000007', 'worker4@taskflow.com', '$2a$12$LPDtM5XmByE22w9Z0X.G4OpZ2a.T3qZ3mD/.9r2C6fN8Q6D1T0W06', 'Bob Builder', 'MEMBER', true),
('10000000-0000-0000-0000-000000000008', 'worker5@taskflow.com', '$2a$12$LPDtM5XmByE22w9Z0X.G4OpZ2a.T3qZ3mD/.9r2C6fN8Q6D1T0W06', 'Charlie Chaplin', 'MEMBER', true),
('10000000-0000-0000-0000-000000000009', 'worker6@taskflow.com', '$2a$12$LPDtM5XmByE22w9Z0X.G4OpZ2a.T3qZ3mD/.9r2C6fN8Q6D1T0W06', 'Diana Prince', 'MEMBER', true),
('10000000-0000-0000-0000-000000000010', 'worker7@taskflow.com', '$2a$12$LPDtM5XmByE22w9Z0X.G4OpZ2a.T3qZ3mD/.9r2C6fN8Q6D1T0W06', 'Eve Polastri', 'MEMBER', true);

-- 2. Insert 3 Projects
INSERT INTO projects (id, name, description, owner_id, status) VALUES
('20000000-0000-0000-0000-000000000001', 'Website Redesign', 'Complete overhaul of the corporate website frontend', '10000000-0000-0000-0000-000000000002', 'ACTIVE'),
('20000000-0000-0000-0000-000000000002', 'Mobile App V2', 'Development of the new iOS and Android applications', '10000000-0000-0000-0000-000000000003', 'ACTIVE'),
('20000000-0000-0000-0000-000000000003', 'Q3 Marketing Assets', 'Graphic design and content for Q3 marketing campaigns', '10000000-0000-0000-0000-000000000001', 'ACTIVE');

-- 3. Insert Project Members
INSERT INTO project_members (project_id, user_id, role) VALUES
('20000000-0000-0000-0000-000000000001', '10000000-0000-0000-0000-000000000004', 'COLLABORATOR'),
('20000000-0000-0000-0000-000000000001', '10000000-0000-0000-0000-000000000005', 'COLLABORATOR'),
('20000000-0000-0000-0000-000000000001', '10000000-0000-0000-0000-000000000006', 'COLLABORATOR'),

('20000000-0000-0000-0000-000000000002', '10000000-0000-0000-0000-000000000007', 'COLLABORATOR'),
('20000000-0000-0000-0000-000000000002', '10000000-0000-0000-0000-000000000008', 'COLLABORATOR'),
('20000000-0000-0000-0000-000000000002', '10000000-0000-0000-0000-000000000009', 'COLLABORATOR'),

('20000000-0000-0000-0000-000000000003', '10000000-0000-0000-0000-000000000010', 'COLLABORATOR');

-- 4. Insert 10+ Tasks
INSERT INTO tasks (id, title, description, status, priority, project_id, reporter_id, assignee_id, due_date, estimated_hours, logged_hours) VALUES
('30000000-0000-0000-0000-000000000001', 'Design Landing Page', 'Create wireframes and mockups for the new homepage', 'DONE', 'HIGH', '20000000-0000-0000-0000-000000000001', '10000000-0000-0000-0000-000000000002', '10000000-0000-0000-0000-000000000004', CURRENT_DATE - 5, 8.5, 9.0),
('30000000-0000-0000-0000-000000000002', 'Setup Next.js Frontend', 'Initialize repo and configure Tailwind CSS', 'DONE', 'MEDIUM', '20000000-0000-0000-0000-000000000001', '10000000-0000-0000-0000-000000000002', '10000000-0000-0000-0000-000000000005', CURRENT_DATE - 3, 4.0, 3.5),
('30000000-0000-0000-0000-000000000003', 'Build Navigation Component', 'Implement responsive navbar with dropdowns', 'IN_PROGRESS', 'MEDIUM', '20000000-0000-0000-0000-000000000001', '10000000-0000-0000-0000-000000000002', '10000000-0000-0000-0000-000000000005', CURRENT_DATE + 2, 6.0, 2.5),
('30000000-0000-0000-0000-000000000004', 'Write About Us Copy', 'Draft content for the company history page', 'IN_REVIEW', 'LOW', '20000000-0000-0000-0000-000000000001', '10000000-0000-0000-0000-000000000002', '10000000-0000-0000-0000-000000000006', CURRENT_DATE, 3.0, 3.0),
('30000000-0000-0000-0000-000000000005', 'Optimize Logo Assets', 'Compress SVGs and standard images for web', 'TODO', 'LOW', '20000000-0000-0000-0000-000000000001', '10000000-0000-0000-0000-000000000004', NULL, CURRENT_DATE + 5, 2.0, 0.0),

('30000000-0000-0000-0000-000000000006', 'Bootstrap React Native App', 'Initialize cross-platform mobile app', 'DONE', 'HIGH', '20000000-0000-0000-0000-000000000002', '10000000-0000-0000-0000-000000000003', '10000000-0000-0000-0000-000000000007', CURRENT_DATE - 4, 5.0, 6.5),
('30000000-0000-0000-0000-000000000007', 'Implement Auth Flow (iOS)', 'Apple Sign-In and JWT storage', 'IN_PROGRESS', 'CRITICAL', '20000000-0000-0000-0000-000000000002', '10000000-0000-0000-0000-000000000003', '10000000-0000-0000-0000-000000000007', CURRENT_DATE + 1, 12.0, 8.0),
('30000000-0000-0000-0000-000000000008', 'Design Main Dashboard UI', 'Mobile app dashboard screens', 'TODO', 'HIGH', '20000000-0000-0000-0000-000000000002', '10000000-0000-0000-0000-000000000003', '10000000-0000-0000-0000-000000000008', CURRENT_DATE + 7, 16.0, 0.0),
('30000000-0000-0000-0000-000000000009', 'Setup Push Notifications', 'Firebase integration for Android & iOS', 'TODO', 'MEDIUM', '20000000-0000-0000-0000-000000000002', '10000000-0000-0000-0000-000000000003', '10000000-0000-0000-0000-000000000009', CURRENT_DATE + 14, 10.0, 0.0),

('30000000-0000-0000-0000-000000000010', 'Social Media Banner Ads', 'Design 5 standard ad sizes for FB/IG', 'IN_PROGRESS', 'MEDIUM', '20000000-0000-0000-0000-000000000003', '10000000-0000-0000-0000-000000000001', '10000000-0000-0000-0000-000000000010', CURRENT_DATE + 3, 4.0, 2.0);

-- 5. Insert Subtasks
INSERT INTO subtasks (id, task_id, title, is_completed, created_at) VALUES
('40000000-0000-0000-0000-000000000001', '30000000-0000-0000-0000-000000000003', 'Desktop Layout', true, CURRENT_TIMESTAMP),
('40000000-0000-0000-0000-000000000002', '30000000-0000-0000-0000-000000000003', 'Mobile Hamburger Menu', false, CURRENT_TIMESTAMP),
('40000000-0000-0000-0000-000000000003', '30000000-0000-0000-0000-000000000003', 'Dropdown Animations', false, CURRENT_TIMESTAMP),

('40000000-0000-0000-0000-000000000004', '30000000-0000-0000-0000-000000000007', 'Configure Apple Developer Console', true, CURRENT_TIMESTAMP),
('40000000-0000-0000-0000-000000000005', '30000000-0000-0000-0000-000000000007', 'Write OAuth2 Callback Handler', true, CURRENT_TIMESTAMP),
('40000000-0000-0000-0000-000000000006', '30000000-0000-0000-0000-000000000007', 'Store JWT securely in Keychain', false, CURRENT_TIMESTAMP),

('40000000-0000-0000-0000-000000000007', '30000000-0000-0000-0000-000000000008', 'Wireframe Home Tab', false, CURRENT_TIMESTAMP),
('40000000-0000-0000-0000-000000000008', '30000000-0000-0000-0000-000000000008', 'Wireframe Profile Tab', false, CURRENT_TIMESTAMP),

('40000000-0000-0000-0000-000000000009', '30000000-0000-0000-0000-000000000010', 'Instagram Square (1080x1080)', true, CURRENT_TIMESTAMP),
('40000000-0000-0000-0000-000000000010', '30000000-0000-0000-0000-000000000010', 'Facebook Landscape (1200x628)', false, CURRENT_TIMESTAMP);

-- 6. Insert Comments
INSERT INTO comments (id, task_id, author_id, content, created_at, is_edited) VALUES
('50000000-0000-0000-0000-000000000001', '30000000-0000-0000-0000-000000000001', '10000000-0000-0000-0000-000000000002', 'Great work on the landing page! Approved.', CURRENT_TIMESTAMP, false),
('50000000-0000-0000-0000-000000000002', '30000000-0000-0000-0000-000000000001', '10000000-0000-0000-0000-000000000004', 'Thanks, attached the final Figma source here.', CURRENT_TIMESTAMP, false),
('50000000-0000-0000-0000-000000000003', '30000000-0000-0000-0000-000000000003', '10000000-0000-0000-0000-000000000005', 'I am struggling with the dropdown z-index on mobile. Help requested.', CURRENT_TIMESTAMP, false),
('50000000-0000-0000-0000-000000000004', '30000000-0000-0000-0000-000000000003', '10000000-0000-0000-0000-000000000004', 'I will take a look at the z-index after my lunch break.', CURRENT_TIMESTAMP, false),

('50000000-0000-0000-0000-000000000005', '30000000-0000-0000-0000-000000000007', '10000000-0000-0000-0000-000000000007', 'Apple Developer console keeps rejecting the bundle ID. Will try again tomorrow.', CURRENT_TIMESTAMP, false),
('50000000-0000-0000-0000-000000000006', '30000000-0000-0000-0000-000000000007', '10000000-0000-0000-0000-000000000003', 'Make sure your provisioning profile hasn''t expired.', CURRENT_TIMESTAMP, false),

('50000000-0000-0000-0000-000000000007', '30000000-0000-0000-0000-000000000010', '10000000-0000-0000-0000-000000000010', 'Is there a preferred color palette for the Q3 campaign?', CURRENT_TIMESTAMP, false),
('50000000-0000-0000-0000-000000000008', '30000000-0000-0000-0000-000000000010', '10000000-0000-0000-0000-000000000001', 'Yes, follow the Autumn ''25 corporate guidelines document.', CURRENT_TIMESTAMP, false),
('50000000-0000-0000-0000-000000000009', '30000000-0000-0000-0000-000000000010', '10000000-0000-0000-0000-000000000010', 'Got it. I will upload the draft by Friday.', CURRENT_TIMESTAMP, false);
